Defeito fora do treino,Faixa (Hz),Acurácia,Recall IR,Recall OR
"0,007""",1000 a 5000 (fixa),0.936,0.86,1.0
"0,007""",2500 a 4500 (fixa),0.987,1.0,1.0
"0,007""",5000 a 9000 (fixa),0.968,1.0,1.0
"0,007""",3000 a 7000 (fixa),0.987,1.0,1.0
"0,007""",10500 a 14500 (maximin),0.981,0.97,1.0
"0,014""",1000 a 5000 (fixa),0.431,0.79,0.0
"0,014""",2500 a 4500 (fixa),0.306,0.47,0.0
"0,014""",5000 a 9000 (fixa),0.479,0.91,0.0
"0,014""",3000 a 7000 (fixa),0.306,0.47,0.0
"0,014""",4000 a 8000 (maximin),0.215,0.25,0.0
"0,021""",1000 a 5000 (fixa),0.758,1.0,0.46
"0,021""",2500 a 4500 (fixa),0.885,1.0,0.79
"0,021""",5000 a 9000 (fixa),0.796,1.0,0.61
"0,021""",3000 a 7000 (fixa),0.994,1.0,1.0
"0,021""",10500 a 14500 (maximin),0.968,1.0,0.96
