classe,sev,carga_HP,arquivo,variavel,amostras,dur_s@48k,rpm,rpm_fonte,fr_Hz,pico_1x@48k,pico_1x@12k,outras_DE
Normal,-,0,97_Normal_0.mat,X097_DE_time,243938,5.08,1796.0,arquivo,29.93,30.0,37.0,[]
Normal,-,1,98_Normal_1.mat,X098_DE_time,483903,10.08,1772.0,nominal,29.53,29.5,36.5,[]
Normal,-,2,99_Normal_2.mat,X099_DE_time,485063,10.11,1750.0,nominal,29.17,29.25,36.0,['X098_DE_time']
Normal,-,3,100_Normal_3.mat,X100_DE_time,485643,10.12,1725.0,arquivo,28.75,28.75,35.5,[]
IR,007,0,109_0.mat,X109_DE_time,243938,5.08,1796.0,arquivo,29.93,30.0,37.0,[]
IR,007,1,110_1.mat,X110_DE_time,486224,10.13,1772.0,arquivo,29.53,29.5,36.5,[]
IR,007,2,111_2.mat,X111_DE_time,485643,10.12,1748.0,arquivo,29.13,29.0,36.0,[]
IR,007,3,112_3.mat,X112_DE_time,485643,10.12,1721.0,arquivo,28.68,28.75,35.25,[]
OR,007,0,135_0.mat,X135_DE_time,243538,5.07,1796.0,arquivo,29.93,30.0,37.0,[]
OR,007,1,136_1.mat,X136_DE_time,486804,10.14,1774.0,arquivo,29.57,29.5,36.5,[]
OR,007,2,137_2.mat,X137_DE_time,486804,10.14,1750.0,arquivo,29.17,29.25,36.0,[]
OR,007,3,138_3.mat,X138_DE_time,487964,10.17,1725.0,arquivo,28.75,28.75,35.5,[]
IR,014,0,174_0.mat,X173_DE_time,63788,1.33,1796.0,arquivo,29.93,26.3372421145043,36.25,[]
IR,014,1,175_1.mat,X175_DE_time,381890,7.96,1772.0,arquivo,29.53,29.5,36.5,['X217_DE_time']
IR,014,2,176_2.mat,X176_DE_time,487964,10.17,1751.0,arquivo,29.18,29.25,36.0,[]
IR,014,3,177_3.mat,X177_DE_time,485063,10.11,1726.0,arquivo,28.77,21.75,35.5,[]
IR,021,0,213_0.mat,X213_DE_time,244339,5.09,1796.0,arquivo,29.93,30.0,37.0,[]
IR,021,1,214_1.mat,X214_DE_time,485063,10.11,1774.0,arquivo,29.57,29.5,36.5,[]
IR,021,2,215_2.mat,X215_DE_time,491446,10.24,1752.0,arquivo,29.2,29.25,36.0,[]
IR,021,3,217_3.mat,X217_DE_time,489125,10.19,1727.0,arquivo,28.78,28.75,35.5,['X215_DE_time']
OR,014,0,201@6_0.mat,X201_DE_time,245140,5.11,1796.0,arquivo,29.93,30.0,37.0,[]
OR,014,1,202@6_1.mat,X202_DE_time,484483,10.09,1772.0,arquivo,29.53,29.5,36.5,[]
OR,014,2,203@6_2.mat,X203_DE_time,486804,10.14,1749.0,arquivo,29.15,29.25,36.0,[]
OR,014,3,204@6_3.mat,X204_DE_time,488545,10.18,1723.0,arquivo,28.72,28.75,35.5,[]
OR,021,0,238_0.mat,X238_DE_time,246342,5.13,1796.0,arquivo,29.93,30.0,30.0,[]
OR,021,1,239_1.mat,X239_DE_time,489125,10.19,1771.0,arquivo,29.52,29.5,36.5,[]
OR,021,2,240_2.mat,X240_DE_time,487964,10.17,1747.0,arquivo,29.12,29.0,36.0,[]
OR,021,3,241_3.mat,X241_DE_time,489125,10.19,1719.0,arquivo,28.65,28.75,35.25,[]
